Workbook

Sheet Exp A (Com Chunks L2)
A1: ParallelPrefixSum rodando no wz10 - Com Chunks (1/4 L2 = 196608 elementos)
A2: Executando 6 vezes com 8000000 elementos long long (8 bytes) | G2: total elements: | H2: 8000000
G3: chunkSize: | H3: 196608
A4: 1 threads: | B4: 2 threads: | C4: 3 threads: | D4: 4 threads: | E4: 5 threads: | F4: 6 threads: | G4: 7 threads: | H4: 8 threads:
A5: 0.032267749 | B5: 0.019212458 | C5: 0.019986378 | D5: 0.016208124 | E5: 0.017755442 | F5: 0.015998459 | G5: 0.016698526 | H5: 0.018221943
A6: 0.032218977 | B6: 0.019325847 | C6: 0.019358638 | D6: 0.016182014 | E6: 0.018391661 | F6: 0.017205048 | G6: 0.017225442 | H6: 0.015510678
A7: 0.032242474 | B7: 0.019276299 | C7: 0.019686825 | D7: 0.016114157 | E7: 0.017751973 | F7: 0.015936956 | G7: 0.016745068 | H7: 0.018309891
A8: 0.032260989 | B8: 0.019123083 | C8: 0.019412884 | D8: 0.016521499 | E8: 0.018440259 | F8: 0.016394474 | G8: 0.016764102 | H8: 0.015446252
A9: 0.032292278 | B9: 0.019385711 | C9: 0.019356753 | D9: 0.015860184 | E9: 0.017572462 | F9: 0.016094427 | G9: 0.016337159 | H9: 0.019075269
A10: 0.032310836 | B10: 0.019062344 | C10: 0.019275464 | D10: 0.016200289 | E10: 0.018055285 | F10: 0.016590235 | G10: 0.016976966 | H10: 0.015464591
B12: Tempo médio
A13: threads | B13: 1 | C13: 2 | D13: 3 | E13: 4 | F13: 5 | G13: 6 | H13: 7 | I13: 8
A14: tempo médio (ms) | B14: =AVERAGE(A5:A10)*1000 -> 32.26555 | C14: =AVERAGE(B5:B10)*1000 -> 19.230957 | D14: =AVERAGE(C5:C10)*1000 -> 19.512824 | E14: =AVERAGE(D5:D10)*1000 -> 16.181045 | F14: =AVERAGE(E5:E10)*1000 -> 17.994514 | G14: =AVERAGE(F5:F10)*1000 -> 16.369933 | H14: =AVERAGE(G5:G10)*1000 -> 16.791211 | I14: =AVERAGE(H5:H10)*1000 -> 17.004771
A15: Aceleração | B15: =$B$14/B14 -> 1 | C15: =$B$14/C14 -> 1.6777922 | D15: =$B$14/D14 -> 1.6535562 | E15: =$B$14/E14 -> 1.9940339 | F15: =$B$14/F14 -> 1.7930771 | G15: =$B$14/G14 -> 1.9710252 | H15: =$B$14/H14 -> 1.9215738 | I15: =$B$14/I14 -> 1.8974411
B17: VAZAO MEDIA:
A18: threads | B18: 1 | C18: 2 | D18: 3 | E18: 4 | F18: 5 | G18: 6 | H18: 7 | I18: 8
A19: vazao média (MOPS) | B19: =AVERAGE(B24:B29) -> 247.94268 | C19: =AVERAGE(C24:C29) -> 416.0101 | D19: =AVERAGE(D24:D29) -> 410.05222 | E19: =AVERAGE(E24:E29) -> 494.4762 | F19: =AVERAGE(F24:F29) -> 444.72912 | G19: =AVERAGE(G24:G29) -> 489.04217 | H19: =AVERAGE(H24:H29) -> 476.56404 | I19: =AVERAGE(I24:I29) -> 474.39236 | J19: OBS: Como nesse caso uma OP é a soma de prefixos de um elemento, a vazão é expressa em MOPS (Milhões de Operações por Segundo)
A20: Aceleração | B20: =B19/$B$19 -> 1 | C20: =C19/$B$19 -> 1.6778479 | D20: =D19/$B$19 -> 1.6538186 | E20: =E19/$B$19 -> 1.9943166 | F20: =F19/$B$19 -> 1.7936772 | G20: =G19/$B$19 -> 1.9724001 | H20: =H19/$B$19 -> 1.9220735 | I20: =I19/$B$19 -> 1.9133146
A23: Vazão por Execução (MOPS): | B23: 1 threads: | C23: 2 threads: | D23: 3 threads: | E23: 4 threads: | F23: 5 threads: | G23: 6 threads: | H23: 7 threads: | I23: 8 threads:
B24: 247.92557 | C24: 416.39649 | D24: 400.27262 | E24: 493.57964 | F24: 450.5661 | G24: 500.04816 | H24: 479.08421 | I24: 439.03112
B25: 248.30087 | C25: 413.95341 | D25: 413.25222 | E25: 494.37604 | F25: 434.97974 | G25: 464.97981 | H25: 464.4293 | I25: 515.7737
B26: 248.11991 | C26: 415.01743 | D26: 406.36315 | E26: 496.45785 | F26: 450.65414 | G26: 501.97792 | H26: 477.75262 | I26: 436.92231
B27: 247.97752 | C27: 418.3426 | D27: 412.09745 | E27: 484.21756 | F27: 433.83339 | G27: 487.96931 | H27: 477.21018 | I27: 517.925
B28: 247.73724 | C28: 412.67509 | D28: 413.29246 | E28: 504.40778 | F28: 455.25777 | G28: 497.06648 | H28: 489.68122 | I28: 419.3912
B29: 247.59495 | C29: 419.67557 | D29: 415.03541 | E29: 493.81835 | F29: 443.08357 | G29: 482.21136 | H29: 471.22672 | I29: 517.31081

Sheet Exp B (Sem Chunks)
A1: ParallelPrefixSum rodando no wz10 - SEM Chunks (particionamento direto)
A2: Executando 5 vezes com 8000000 elementos long long (8 bytes) | G2: total elements: | H2: 8000000
G3: chunkSize: | H3: 0
A4: 1 threads: | B4: 2 threads: | C4: 3 threads: | D4: 4 threads: | E4: 5 threads: | F4: 6 threads: | G4: 7 threads: | H4: 8 threads:
A5: 0.045059507 | B5: 0.026533094 | C5: 0.028144837 | D5: 0.024010886 | E5: 0.026877486 | F5: 0.024147825 | G5: 0.02570552 | H5: 0.02418113
A6: 0.044938027 | B6: 0.026362574 | C6: 0.027890521 | D6: 0.023699174 | E6: 0.02669962 | F6: 0.024711576 | G6: 0.025428657 | H6: 0.024831267
A7: 0.044761922 | B7: 0.026627346 | C7: 0.02793309 | D7: 0.023996244 | E7: 0.026689536 | F7: 0.025272006 | G7: 0.025637612 | H7: 0.024264394
A8: 0.044835491 | B8: 0.026426605 | C8: 0.028259471 | D8: 0.024113293 | E8: 0.026655214 | F8: 0.024005308 | G8: 0.025611468 | H8: 0.02410079
A9: 0.044850187 | B9: 0.026426306 | C9: 0.027964368 | D9: 0.023726011 | E9: 0.026634773 | F9: 0.023895905 | G9: 0.025604146 | H9: 0.023984823
B11: Tempo médio
A12: threads | B12: 1 | C12: 2 | D12: 3 | E12: 4 | F12: 5 | G12: 6 | H12: 7 | I12: 8
A13: tempo médio (ms) | B13: =AVERAGE(A5:A9)*1000 -> 44.889027 | C13: =AVERAGE(B5:B9)*1000 -> 26.475185 | D13: =AVERAGE(C5:C9)*1000 -> 28.038457 | E13: =AVERAGE(D5:D9)*1000 -> 23.909122 | F13: =AVERAGE(E5:E9)*1000 -> 26.711326 | G13: =AVERAGE(F5:F9)*1000 -> 24.406524 | H13: =AVERAGE(G5:G9)*1000 -> 25.597481 | I13: =AVERAGE(H5:H9)*1000 -> 24.272481
A14: Aceleração | B14: =$B$13/B13 -> 1 | C14: =$B$13/C13 -> 1.6955132 | D14: =$B$13/D13 -> 1.6009806 | E14: =$B$13/E13 -> 1.8774854 | F14: =$B$13/F13 -> 1.6805241 | G14: =$B$13/G13 -> 1.8392224 | H14: =$B$13/H13 -> 1.7536502 | I14: =$B$13/I13 -> 1.8493794
B16: VAZAO MEDIA:
A17: threads | B17: 1 | C17: 2 | D17: 3 | E17: 4 | F17: 5 | G17: 6 | H17: 7 | I17: 8
A18: vazao média (MOPS) | B18: =AVERAGE(B23:B27) -> 178.21819 | C18: =AVERAGE(C23:C27) -> 302.17353 | D18: =AVERAGE(D23:D27) -> 285.32954 | E18: =AVERAGE(E23:E27) -> 334.61643 | F18: =AVERAGE(F23:F27) -> 299.50154 | G18: =AVERAGE(G23:G27) -> 327.9257 | H18: =AVERAGE(H23:H27) -> 312.53478 | I18: =AVERAGE(I23:I27) -> 329.63914 | J18: OBS: Como nesse caso uma OP é a soma de prefixos de um elemento, a vazão é expressa em MOPS (Milhões de Operações por Segundo)
A19: Aceleração | B19: =B18/$B$18 -> 1 | C19: =C18/$B$18 -> 1.6955257 | D19: =D18/$B$18 -> 1.6010124 | E19: =E18/$B$18 -> 1.877566 | F19: =F18/$B$18 -> 1.6805329 | G19: =G18/$B$18 -> 1.8400237 | H19: =H18/$B$18 -> 1.7536637 | I19: =I18/$B$18 -> 1.849638
A22: Vazão por Execução (MOPS): | B22: 1 threads: | C22: 2 threads: | D22: 3 threads: | E22: 4 threads: | F22: 5 threads: | G22: 6 threads: | H22: 7 threads: | I22: 8 threads:
B23: 177.543 | C23: 301.51026 | D23: 284.24396 | E23: 333.18221 | F23: 297.64689 | G23: 331.29278 | H23: 311.2172 | I23: 330.83648
B24: 178.02295 | C24: 303.46051 | D24: 286.8358 | E24: 337.5645 | F24: 299.62973 | G24: 323.73492 | H24: 314.60568 | I24: 322.17446
B25: 178.72334 | C25: 300.44301 | D25: 286.39868 | E25: 333.38551 | F25: 299.74294 | G25: 316.5558 | H25: 312.04154 | I25: 329.7012
B26: 178.43007 | C26: 302.72523 | D26: 283.09094 | E26: 331.76722 | F26: 300.1289 | G26: 333.25962 | H26: 312.36008 | I26: 331.93932
B27: 178.37161 | C27: 302.72865 | D27: 286.07834 | E27: 337.18268 | F27: 300.35923 | G27: 334.78539 | H27: 312.4494 | I27: 333.54426

Sheet Comparativo A vs B
A1: Comparativo de Desempenho: Exp A (Com Chunks L2) vs Exp B (Sem Chunks)
A2: Ambiente de teste: Cluster host wz10 (8 CPUs alocadas pelo SLURM, 8.000.000 elementos long long)
A4: Threads | B4: Tempo Exp A (ms) | C4: Tempo Exp B (ms) | D4: Vazão Exp A (MOPS) | E4: Vazão Exp B (MOPS) | F4: Ganho Chunks L2 (%) | G4: Speedup Exp A | H4: Speedup Exp B | I4: Speedup Linear Ideal
A5: 1 | B5: ='Exp A (Com Chunks L2)'!B14 -> 32.26555 | C5: ='Exp B (Sem Chunks)'!B13 -> 44.889027 | D5: ='Exp A (Com Chunks L2)'!B19 -> 247.94268 | E5: ='Exp B (Sem Chunks)'!B18 -> 178.21819 | F5: =(D5/E5-1)*100 -> 39.123101 | G5: =D5/$D$5 -> 1 | H5: =E5/$E$5 -> 1 | I5: 1
A6: 2 | B6: ='Exp A (Com Chunks L2)'!C14 -> 19.230957 | C6: ='Exp B (Sem Chunks)'!C13 -> 26.475185 | D6: ='Exp A (Com Chunks L2)'!C19 -> 416.0101 | E6: ='Exp B (Sem Chunks)'!C18 -> 302.17353 | F6: =(D6/E6-1)*100 -> 37.67258 | G6: =D6/$D$5 -> 1.6778479 | H6: =E6/$E$5 -> 1.6955257 | I6: 2
A7: 3 | B7: ='Exp A (Com Chunks L2)'!D14 -> 19.512824 | C7: ='Exp B (Sem Chunks)'!D13 -> 28.038457 | D7: ='Exp A (Com Chunks L2)'!D19 -> 410.05222 | E7: ='Exp B (Sem Chunks)'!D18 -> 285.32954 | F7: =(D7/E7-1)*100 -> 43.711799 | G7: =D7/$D$5 -> 1.6538186 | H7: =E7/$E$5 -> 1.6010124 | I7: 3
A8: 4 | B8: ='Exp A (Com Chunks L2)'!E14 -> 16.181045 | C8: ='Exp B (Sem Chunks)'!E13 -> 23.909122 | D8: ='Exp A (Com Chunks L2)'!E19 -> 494.4762 | E8: ='Exp B (Sem Chunks)'!E18 -> 334.61643 | F8: =(D8/E8-1)*100 -> 47.774038 | G8: =D8/$D$5 -> 1.9943166 | H8: =E8/$E$5 -> 1.877566 | I8: 4
A9: 5 | B9: ='Exp A (Com Chunks L2)'!F14 -> 17.994514 | C9: ='Exp B (Sem Chunks)'!F13 -> 26.711326 | D9: ='Exp A (Com Chunks L2)'!F19 -> 444.72912 | E9: ='Exp B (Sem Chunks)'!F18 -> 299.50154 | F9: =(D9/E9-1)*100 -> 48.48976 | G9: =D9/$D$5 -> 1.7936772 | H9: =E9/$E$5 -> 1.6805329 | I9: 5
A10: 6 | B10: ='Exp A (Com Chunks L2)'!G14 -> 16.369933 | C10: ='Exp B (Sem Chunks)'!G13 -> 24.406524 | D10: ='Exp A (Com Chunks L2)'!G19 -> 489.04217 | E10: ='Exp B (Sem Chunks)'!G18 -> 327.9257 | F10: =(D10/E10-1)*100 -> 49.132005 | G10: =D10/$D$5 -> 1.9724001 | H10: =E10/$E$5 -> 1.8400237 | I10: 6
A11: 7 | B11: ='Exp A (Com Chunks L2)'!H14 -> 16.791211 | C11: ='Exp B (Sem Chunks)'!H13 -> 25.597481 | D11: ='Exp A (Com Chunks L2)'!H19 -> 476.56404 | E11: ='Exp B (Sem Chunks)'!H18 -> 312.53478 | F11: =(D11/E11-1)*100 -> 52.483523 | G11: =D11/$D$5 -> 1.9220735 | H11: =E11/$E$5 -> 1.7536637 | I11: 7
A12: 8 | B12: ='Exp A (Com Chunks L2)'!I14 -> 17.004771 | C12: ='Exp B (Sem Chunks)'!I13 -> 24.272481 | D12: ='Exp A (Com Chunks L2)'!I19 -> 474.39236 | E12: ='Exp B (Sem Chunks)'!I18 -> 329.63914 | F12: =(D12/E12-1)*100 -> 43.912628 | G12: =D12/$D$5 -> 1.9133146 | H12: =E12/$E$5 -> 1.849638 | I12: 8

Sheet Hardware e SLURM
A1: Informações do Ambiente de Execução (Cluster SLURM)
A3: Nó do Cluster (Hostname): | B3: wz10
A4: Partição SLURM: | B4: debug
A5: CPUs alocadas por nó: | B5: 8
A6: Job ID Exp A (Com Chunks): | B6: 18977 (t1-expA)
A7: Job ID Exp B (Sem Chunks): | B7: 18980 (t1-expB)
A8: Tipo de Dado: | B8: long long (8 bytes)
A9: Tamanho do Vetor (N): | B9: 8.000.000 elementos (~61 MB)
A10: Tamanho da Cache L2: | B10: 6.291.456 bytes (6 MB / 6144 KB)
A11: Tamanho da Cache L3: | B11: 0 bytes (Não detectada / compartilhada)
A12: Chunk Size Exp A: | B12: 196.608 elementos (1/4 da L2 = 1.572.864 bytes)
A13: Chunk Size Exp B: | B13: 0 (Sem chunks - partição global direta)
A14: Repetições por thread (Exp A): | B14: 6 execuções válidas
... A18: Binário Utilizado: | B18: ./prefixSumPth-v3-longlong
